"publisher_name","broken_package_count","broken_resource_count","publisher_title"
"academics","9","9","Academics"
"advantage-west-midlands","1","17","Advantage West Midlands"
"advisory-conciliation-and-arbitration-service","7","15","Advisory, Conciliation and Arbitration Service"
"airedale-nhs-foundation-trust","1","35","Airedale NHS Foundation Trust"
"alder-hey-childrens-nhs-foundation-trust","1","6","Alder Hey Children's NHS Foundation Trust"
"appointments-commission","4","7","Appointments Commission"
"arts-council-england","2","2","Arts Council England"
"arts-and-humanities-research-council","2","4","Arts and Humanities Research Council"
"ashfield-district-council","2","2","Ashfield District Council"
"ashton-leigh-and-wigan-community-healthcare-nhs-trust","1","9","Ashton, Leigh and Wigan Community Healthcare NHS Trust"
"attorney-generals-office","15","112","Attorney General's Office"
"audit-commission","8","31","Audit Commission"
"babergh-district-council","1","3","Babergh District Council"
"barking-havering-and-redbridge-university-hospitals-nhs-trust","15","15","Barking, Havering and Redbridge University Hospitals NHS Trust"
"barnsley-primary-care-trust","3","32","Barnsley Primary Care Trust"
"bassetlaw-district-council","1","1","Bassetlaw District Council"
"belfast-city-council","6","12","Belfast City Council"
"biotechnology-and-biological-sciences-research-council","3","3","Biotechnology and Biological Sciences Research Council"
"birmingham-childrens-nhs-foundation-trust","2","2","Birmingham Children's NHS Foundation Trust"
"birmingham-city-council","1","1","Birmingham City Council"
"birmingham-east-and-north-primary-care-trust","1","32","Birmingham East and North Primary Care Trust"
"birmingham-and-solihull-mental-health-nhs-foundation-trust","1","9","Birmingham and Solihull Mental Health NHS Foundation Trust"
"blaby-district-council","1","1","Blaby District Council"
"blackburn-with-darwen-care-trust-plus","1","10","Blackburn with Darwen Care Trust Plus"
"blackburn-with-darwen-council","1","2","Blackburn with Darwen Council"
"bradford-district-care-trust","1","11","Bradford District Care Trust"
"brent-primary-care-trust","6","11","Brent Primary Care Trust"
"bridgewater-community-healthcare-nhs-trust","1","7","Bridgewater Community Healthcare NHS Trust"
"brighton-and-hove-city-council","1","1","Brighton and Hove City Council"
"british-council","1","5","British Council"
"british-educational-communications-and-technology-agency","1","3","British Educational Communications and Technology Agency"
"british-geological-survey","2","8","British Geological Survey"
"british-transport-police-authority","1","4","British Transport Police Authority"
"broads-authority","2","2","Broads Authority"
"buckinghamshire-county-council","1","1","Buckinghamshire County Council"
"buckinghamshire-healthcare-nhs-trust","5","20","Buckinghamshire Healthcare NHS Trust"
"buckinghamshire-primary-care-trust","1","12","Buckinghamshire Primary Care Trust"
"burton-hospitals-nhs-foundation-trust","1","45","Burton Hospitals NHS Foundation Trust"
"businesslink","2","2","BusinessLink"
"cabinet-office","34","129","Cabinet Office"
"calderdale-metropolitan-borough-council","1","3","Calderdale Metropolitan Borough Council"
"cambridgeshire-county-council","14","16","Cambridgeshire County Council"
"capital-for-enterprise-ltd","1","1","Capital For Enterprise Ltd"
"care-quality-commission","25","28","Care Quality Commission"
"central-office-of-information","4","18","Central Office of Information"
"central-and-eastern-cheshire-primary-care-nhs-trust","10","20","Central and Eastern Cheshire Primary Care NHS Trust"
"centre-for-ecology-hydrology","77","83","Centre for Ecology & Hydrology"
"centre-for-environment-fisheries-aquaculture-science","3","3","Centre for Environment, Fisheries & Aquaculture Science"
"charity-commission-for-england-and-wales","5","49","Charity Commission for England and Wales"
"child-maintenance-and-enforcement-commission","2","9","Child Maintenance and Enforcement Commission"
"children-and-family-court-advisory-and-support-service","2","4","Children and Family Court Advisory and Support Service"
"childrens-workforce-development-council","1","3","Children's Workforce Development Council"
"christchurch-borough-council","1","15","Christchurch Borough Council"
"swansea-city-council","1","1","City and County of Swansea"
"city-of-london","2","3","City of London"
"civil-service-learning","1","1","Civil Service Learning"
"coal-authority","1","3","Coal Authority"
"colchester-hospital-university-nhs-foundation-trust","1","2","Colchester Hospital University NHS Foundation Trust"
"commission-for-architecture-and-the-built-environment","12","15","Commission for Architecture and the Built Environment"
"committee-on-climate-change","1","2","Committee on Climate Change"
"companies-house","1","6","Companies House"
"consumer-council-for-water","1","1","Consumer Council for Water"
"copeland-borough-council","4","4","Copeland Borough Council"
"corby-borough-council","1","2","Corby Borough Council"
"cornwall-partnership-nhs-foundation-trust","1","1","Cornwall Partnership NHS Foundation Trust"
"cornwall-and-isles-of-scilly-community-health-services","1","7","Cornwall and Isles of Scilly Community Health Services"
"council-for-healthcare-regulatory-excellence","2","6","Council for Healthcare Regulatory Excellence"
"coventry-warwickshire-partnership-nhs-trust","2","2","Coventry & Warwickshire Partnership NHS Trust"
"coventry-and-warwickshire-partnership-nhs-trust","1","1","Coventry and Warwickshire Partnership NHS Trust"
"cranfield-university","9","9","Cranfield University"
"craven-district-council","1","1","Craven District Council"
"criminal-cases-review-commission","1","6","Criminal Cases Review Commission"
"criminal-injuries-compensation-authority","1","6","Criminal Injuries Compensation Authority"
"crown-prosecution-service","2","2","Crown Prosecution Service"
"cumbria-primary-care-trust","1","3","Cumbria Primary Care Trust"
"darlington-borough-council","1","1","Darlington Borough Council"
"defence-infrastructure-organisation","1","1","Defence Infrastructure Organisation"
"department-for-business-innovation-and-skills","305","845","Department for Business, Innovation and Skills"
"department-for-children-schools-and-families","68","68","Department for Children, Schools and Families"
"department-for-communities-and-local-government","123","306","Department for Communities and Local Government"
"department-for-culture-media-and-sport","45","181","Department for Culture, Media and Sport"
"department-for-education","92","137","Department for Education"
"department-for-environment-food-and-rural-affairs","156","639","Department for Environment, Food and Rural Affairs"
"department-for-international-development","4","27","Department for International Development"
"department-for-regional-development","4","10","Department for Regional Development"
"department-for-transport","50","227","Department for Transport"
"department-for-work-and-pensions","71","206","Department for Work and Pensions"
"department-of-agriculture-and-rural-development","11","25","Department of Agriculture and Rural Development"
"department-of-culture-arts-and-leisure","11","12","Department of Culture, Arts and Leisure"
"department-of-energy-and-climate-change","21","83","Department of Energy and Climate Change"
"department-of-finance-and-personnel","1","1","Department of Finance and Personnel"
"department-of-health","813","3869","Department of Health"
"department-of-health-social-services-and-public-safety","15","27","Department of Health, Social Services and Public Safety"
"department-of-justice","8","14","Department of Justice"
"derby-city-council","3","3","Derby City Council"
"derbyshire-community-health-services","1","12","Derbyshire Community Health Services"
"derbyshire-mental-health-services-nhs-trust","6","14","Derbyshire Mental Health Services NHS Trust"
"devon-county-council","1","3","Devon County Council"
"directgov","8","9","DirectGov"
"directly-operated-railways","1","4","Directly Operated Railways Limited"
"dudley-group-of-hospitals-nhs-foundation-trust","4","29","Dudley Group of Hospitals NHS Foundation Trust"
"dudley-primary-care-trust","1","1","Dudley Primary Care Trust"
"durham-county-council","1","1","Durham County Council"
"east-cambridgeshire-district-council","10","10","East Cambridgeshire District Council"
"east-cheshire-nhs-trust","3","11","East Cheshire NHS Trust"
"east-dorset-district-council","1","12","East Dorset District Council"
"east-midlands-strategic-health-authority","6","37","East Midlands Strategic Health Authority"
"east-staffordshire-borough-council","1","1","East Staffordshire Borough Council"
"east-sussex-county-council","1","3","East Sussex County Council"
"east-of-england-ambulance-service-nhs-trust","1","18","East of England Ambulance Service NHS Trust"
"eastleigh-borough-council","1","1","Eastleigh Borough Council"
"economic-and-social-research-council","11","12","Economic and Social Research Council"
"engineering-and-physical-sciences-research-council","1","2","Engineering and Physical Sciences Research Council"
"english-heritage","1","3","English Heritage"
"environment-agency","16","21","Environment Agency"
"equality-and-human-rights-commission","2","8","Equality and Human Rights Commission"
"european-commission","1","1","European Commission"
"eurostat","1","1","Eurostat"
"exmoor-national-park","2","2","Exmoor National Park Authority"
"export-credits-guarantee-department","4","74","Export Credits Guarantee Department"
"fareham-borough-council","1","3","Fareham Borough Council"
"fire-service-college","1","1","Fire Service College"
"firebuy","2","20","Firebuy"
"food-standards-agency","2","2","Food Standards Agency"
"foreign-and-commonwealth-office","9","17","Foreign and Commonwealth Office"
"forestry-commission","1","4","Forestry Commission"
"frimley-park-hospital-nhs-foundation-trust","7","38","Frimley Park Hospital NHS Foundation Trust"
"gambling-commission","4","7","Gambling Commission"
"gateshead-council","1","1","Gateshead Council"
"gateshead-primary-care-trust","1","36","Gateshead Primary Care Trust"
"general-social-care-council","5","27","General Social Care Council"
"george-eliot-hospital-nhs-trust","17","29","George Eliot Hospital NHS Trust"
"gloucester-city-council","1","1","Gloucester City Council"
"government-actuarys-department","1","40","Government Actuary's Department"
"government-equalities-office","3","11","Government Equalities Office"
"great-western-ambulance-service-nhs-trust","1","10","Great Western Ambulance Service NHS Trust"
"greater-london-authority","1","16","Greater London Authority"
"hm-courts-service","4","4","HM Courts Service"
"hm-crown-prosecution-service-inspectorate","1","7","HM Crown Prosecution Service Inspectorate"
"harlow-council","1","1","Harlow Council"
"harrogate-borough-council","11","12","Harrogate Borough Council"
"hartlepool-borough-council","1","1","Hartlepool Borough Council"
"hartlepool-primary-care-trust","2","9","Hartlepool Primary Care Trust"
"health-and-safety-executive","6","10","Health and Safety Executive"
"healthcare-quality-improvement-partnership","22","113","Healthcare Quality Improvement Partnership"
"heart-of-birmingham-teaching-primary-care-trust","1","32","Heart of Birmingham teaching Primary Care Trust"
"heart-of-england-nhs-foundation-trust","1","6","Heart of England NHS Foundation Trust"
"her-majestys-revenue-and-customs","13","40","Her Majesty's Revenue and Customs"
"her-majestys-treasury","25","158","Her Majesty's Treasury"
"hereford-hospitals-nhs-trust","1","6","Hereford Hospitals NHS Trust"
"hertfordshire-county-council","1","6","Hertfordshire County Council"
"higher-education-funding-council-for-england","1","1","Higher Education Funding Council for England"
"higher-education-statistics-agency","11","170","Higher Education Statistics Agency"
"highways-agency","3","53","Highways Agency"
"home-office","55","303","Home Office"
"homes-and-communities-agency","3","21","Homes and Communities Agency"
"horniman-public-museum-public-park-trust","2","10","Horniman Public Museum & Public Park Trust"
"horserace-betting-levy-board","2","7","Horserace Betting Levy Board"
"hull-city-council","1","4","Hull City Council"
"hull-and-east-yorkshire-hospitals-nhs-trust","1","23","Hull and East Yorkshire Hospitals NHS Trust"
"human-tissue-authority","1","1","Human Tissue Authority"
"isd-scotland","2","2","ISD Scotland"
"identity-passport-service","3","3","Identity & Passport Service"
"imperial-war-museum","1","3","Imperial War Museum"
"independent-housing-ombudsman","1","5","Independent Housing Ombudsman"
"independent-parliamentary-standards-authority","1","6","Independent Parliamentary Standards Authority"
"information-commissioners-office","1","4","Information Commissioner's Office"
"infrastructure-planning-commission","3","5","Infrastructure Planning Commission"
"isle-of-wight-nhs-trust","1","1","Isle of Wight NHS Trust"
"judicial-appointments-commission","1","4","Judicial Appointments Commission"
"keep-britain-tidy","10","52","Keep Britain Tidy"
"kirklees-primary-care-trust","2","2","Kirklees Primary Care Trust"
"lambeth-primary-care-trust","1","5","Lambeth Primary Care Trust"
"lancashire-care-nhs-foundation-trust","1","7","Lancashire Care NHS Foundation Trust"
"leeds-city-council","1","2","Leeds City Council"
"leeds-community-healthcare-nhs-trust","2","2","Leeds Community Healthcare NHS Trust"
"leeds-teaching-hospitals-nhs-trust","1","6","Leeds Teaching Hospitals NHS Trust"
"legal-services-board","1","4","Legal Services Board"
"legal-services-commission","1","1","Legal Services Commission"
"lewisham-primary-care-trust","1","9","Lewisham Primary Care Trust"
"lichfield-district-council","4","4","Lichfield District Council"
"lincolnshire-community-health-services-nhs-trust","1","2","Lincolnshire Community Health Services NHS Trust"
"lincolnshire-primary-care-trust","1","10","Lincolnshire Primary Care Trust"
"liverpool-heart-and-chest-hospital-nhs-foundation-trust","1","12","Liverpool Heart and Chest Hospital NHS Foundation Trust"
"liverpool-primary-care-trust","1","33","Liverpool Primary Care Trust"
"local-authorities","217","613","Local Authorities"
"local-government-boundary-commission-for-england","3","15","Local Government Boundary Commission for England"
"local-government-ombudsman","5","13","Local Government Ombudsman"
"london-borough-of-barnet","3","6","London Borough of Barnet"
"london-borough-of-brent","9","9","London Borough of Brent"
"london-borough-of-bromley","2","7","London Borough of Bromley"
"london-borough-of-camden","1","1","London Borough of Camden"
"london-borough-of-harrow","3","21","London Borough of Harrow"
"london-borough-of-hillingdon","1","5","London Borough of Hillingdon"
"london-borough-of-islington","1","7","London Borough of Islington"
"london-borough-of-lambeth","1","1","London Borough of Lambeth"
"london-borough-of-richmond-upon-thames","2","2","London Borough of Richmond Upon Thames"
"london-borough-of-sutton","1","1","London Borough of Sutton"
"london-borough-of-waltham-forest","2","6","London Borough of Waltham Forest"
"london-thames-gateway-development-corporation","3","5","London Thames Gateway Development Corporation"
"luton-borough-council","1","1","Luton Borough Council"
"manchester-mental-health-and-social-care-trust","1","7","Manchester Mental Health and Social Care Trust"
"marine-management-organisation","4","5","Marine Management Organisation"
"medicines-and-healthcare-products-regulatory-agency","7","8","Medicines and Healthcare products Regulatory Agency"
"medway-primary-care-trust","2","25","Medway Primary Care Trust"
"met-office","114","353","Met Office"
"mid-staffordshire-nhs-foundation-trust","1","1","Mid Staffordshire NHS Foundation Trust"
"mid-sussex-district-council","1","3","Mid Sussex District Council"
"middlesbrough-primary-care-trust","1","5","Middlesbrough Primary Care Trust"
"ministry-of-defence","18","21","Ministry of Defence"
"ministry-of-justice","86","366","Ministry of Justice"
"monmouthshire-county-council","9","27","Monmouthshire County Council"
"museum-of-science-and-industry","2","2","Museum of Science and Industry"
"nhs-airedale-wharfedale-and-craven-ccg","1","1","NHS Airedale, Wharfedale and Craven CCG"
"nhs-ashton-leigh-and-wigan","1","36","NHS Ashton, Leigh and Wigan"
"nhs-aylesbury-vale-ccg","1","1","NHS Aylesbury Vale CCG"
"nhs-bassetlaw","2","31","NHS Bassetlaw"
"nhs-bassetlaw-ccg","6","6","NHS Bassetlaw CCG"
"nhs-bath-north-east-somerset-pct","1","4","NHS Bath & North East Somerset PCT"
"nhs-bedfordshire","3","19","NHS Bedfordshire"
"nhs-berkshire-east","1","19","NHS Berkshire East"
"nhs-bolton","1","10","NHS Bolton"
"nhs-bournemouth-poole","1","36","NHS Bournemouth & Poole"
"nhs-brighton-and-hove-ccg","1","1","NHS Brighton and Hove CCG"
"nhs-central-lancashire","1","35","NHS Central Lancashire"
"nhs-central-manchester-ccg","1","1","NHS Central Manchester CCG"
"nhs-choices","2","4","NHS Choices"
"nhs-chorley-and-south-ribble-ccg","1","9","NHS Chorley and South Ribble CCG"
"nhs-connecting-for-health","4","18","NHS Connecting for Health"
"nhs-cornwall-and-isles-of-scilly","1","12","NHS Cornwall and Isles of Scilly"
"nhs-coventry","1","3","NHS Coventry"
"nhs-derby-city","1","35","NHS Derby City"
"nhs-derbyshire-county","1","16","NHS Derbyshire County"
"nhs-devon","1","34","NHS Devon"
"nhs-dorset","1","1","NHS Dorset"
"nhs-east-lancashire","1","32","NHS East Lancashire"
"nhs-east-riding-of-yorkshire","1","26","NHS East Riding of Yorkshire"
"nhs-east-of-england-strategic-health-authority","5","28","NHS East of England Strategic Health Authority"
"nhs-eastern-and-coastal-kent","1","9","NHS Eastern and Coastal Kent"
"nhs-gloucestershire","1","7","NHS Gloucestershire"
"nhs-great-yarmouth-and-waveney","1","29","NHS Great Yarmouth and Waveney"
"nhs-greater-preston-ccg","1","1","NHS Greater Preston CCG"
"nhs-hampshire","1","18","NHS Hampshire"
"nhs-hertfordshire","2","10","NHS Hertfordshire"
"nhs-information-centre-for-health-and-social-care","60","173","NHS Information Centre for Health and Social Care"
"nhs-institute-for-innovation-and-improvement","1","4","NHS Institute for Innovation and Improvement"
"nhs-islington","1","2","NHS Islington"
"nhs-kent-and-medway","23","23","NHS Kent and Medway"
"nhs-knowsley","28","37","NHS Knowsley"
"nhs-leeds","23","33","NHS Leeds"
"nhs-litigation-authority","5","9","NHS Litigation Authority"
"nhs-north-east-essex","1","1","NHS North East Essex"
"nhs-nottingham-city","7","11","NHS Nottingham City"
"nhs-oldham-ccg","1","5","NHS Oldham CCG"
"nhs-rotherham-ccg","9","9","NHS Rotherham CCG"
"nhs-salford-ccg","1","1","NHS Salford CCG"
"nhs-scotland","2","2","NHS Scotland"
"nhs-sefton","1","35","NHS Sefton"
"nhs-solihull-ccg","1","1","NHS Solihull CCG"
"nhs-south-east-coast","1","35","NHS South East Coast"
"nhs-south-west","20","29","NHS South West"
"nhs-stockport-ccg","1","9","NHS Stockport CCG"
"nhs-stoke-on-trent","25","25","NHS Stoke on Trent"
"nhs-surrey","1","24","NHS Surrey"
"nhs-tameside-glossop","1","31","NHS Tameside & Glossop"
"nhs-walsall","1","36","NHS Walsall"
"nhs-warwickshire","1","1","NHS Warwickshire"
"nhs-western-cheshire","1","36","NHS Western Cheshire"
"nhs-wiltshire","19","28","NHS Wiltshire"
"nhs-wolverhampton-ccg","2","2","NHS Wolverhampton CCG"
"nhs-yorkshire-and-the-humber","1","26","NHS Yorkshire and the Humber"
"national-college-for-leadership-of-schools-and-childrens-services","1","3","National College for Leadership of Schools and Children's Services"
"national-health-service","645","3022","National Health Service"
"national-heritage-memorial-fund","1","1","National Heritage Memorial Fund"
"national-institute-for-health-and-clinical-excellence","1","6","National Institute for Health and Clinical Excellence"
"national-lottery-commission","1","2","National Lottery Commission"
"national-maritime-museum","1","45","National Maritime Museum"
"national-museum-of-science-and-industry","1","1","National Museum of Science and Industry"
"national-museums-liverpool","1","2","National Museums Liverpool"
"national-offender-management-service","4","30","National Offender Management Service"
"national-records-of-scotland","24","63","National Records of Scotland"
"national-savings-and-investments","1","1","National Savings and Investments"
"national-school-of-government","2","16","National School of Government"
"national-treatment-agency-for-substance-misuse","1","1","National Treatment Agency for Substance Misuse"
"natural-england","8","8","Natural England"
"natural-environment-research-council","79","91","Natural Environment Research Council"
"natural-history-museum","2","2","Natural History Museum"
"newark-and-sherwood-district-council","1","2","Newark and Sherwood District Council"
"newcastle-primary-care-trust","3","27","Newcastle Primary Care Trust"
"newham-primary-care-trust","1","6","Newham Primary Care Trust"
"newquay-town-council","1","1","Newquay Town Council"
"norfolk-county-council","19","76","Norfolk County Council"
"norfolk-and-waveney-mental-health-nhs-foundation-trust","1","1","Norfolk and Waveney Mental Health NHS Foundation Trust"
"north-bristol-nhs-trust","3","3","North Bristol NHS Trust"
"north-cumbria-university-hospitals-nhs-trust","1","3","North Cumbria University Hospitals NHS Trust"
"north-east-lincolnshire-care-trust-plus","1","36","North East Lincolnshire Care Trust Plus"
"north-east-strategic-health-authority","1","35","North East Strategic Health Authority"
"north-hertfordshire-district-council","1","1","North Hertfordshire District Council"
"north-norfolk-district-council","30","117","North Norfolk District Council"
"north-somerset-council","1","4","North Somerset Council"
"north-staffordshire-combined-healthcare-nhs-trust","1","5","North Staffordshire Combined Healthcare NHS Trust"
"north-tyneside-primary-care-trust","3","31","North Tyneside Primary Care Trust"
"north-yorkshire-county-council","1","1","North Yorkshire County Council"
"north-yorkshire-and-york-primary-care-trust","1","5","North Yorkshire and York Primary Care Trust"
"northern-devon-healthcare-nhs-trust","7","15","Northern Devon Healthcare NHS Trust"
"northern-ireland-executive","329","521","Northern Ireland Executive"
"northern-ireland-office","3","11","Northern Ireland Office"
"northern-ireland-spatial-data-infrastructure","275","425","Northern Ireland Spatial Data Infrastructure"
"northern-ireland-statistics-and-research-agency","4","7","Northern Ireland Statistics and Research Agency"
"northumberland-care-trust","3","31","Northumberland Care Trust"
"nottingham-university-hospitals-nhs-trust","1","1","Nottingham University Hospitals NHS Trust"
"nottinghamshire-healthcare-nhs-trust","1","1","Nottinghamshire Healthcare NHS Trust"
"office-for-budget-responsibility","1","1","Office for Budget Responsibility"
"office-for-national-statistics","207","999","Office for National Statistics"
"office-of-fair-trading","5","9","Office of Fair Trading"
"office-of-gas-and-electricity-markets","1","2","Office of Gas and Electricity Markets"
"office-of-the-childrens-commissioner","1","3","Office of the Children's Commissioner"
"office-of-the-prime-minister","2","2","Office of the Prime Minister"
"oldham-primary-care-trust","1","37","Oldham Primary Care Trust"
"olympic-delivery-authority","4","4","Olympic Delivery Authority"
"one-north-east","15","15","One North East"
"ordnance-survey","18","22","Ordnance Survey"
"oxfordshire-learning-disability-nhs-trust","4","5","Oxfordshire Learning Disability NHS Trust"
"parole-board","1","4","Parole Board"
"partnerships-for-schools","1","4","Partnerships for Schools"
"passenger-focus","5","12","Passenger Focus"
"pembrokeshire-coast-national-park-authority","1","1","Pembrokeshire Coast National Park Authority"
"planning-inspectorate","3","36","Planning Inspectorate"
"portsmouth-city-primary-care-trust","1","35","Portsmouth City Primary Care Trust"
"postal-services-commission","2","4","Postal Services Commission"
"previous-defra-organizations","6","7","Previous DEFRA organizations"
"previous-nhs-institutions","34","163","Previous NHS Institutions"
"qualifications-and-curriculum-development-agency","1","3","Qualifications and Curriculum Development Agency"
"queen-elizabeth-ii-conference-centre","1","4","Queen Elizabeth II Conference Centre"
"queen-victoria-hospital-nhs-foundation-trust","1","8","Queen Victoria Hospital NHS Foundation Trust"
"railway-heritage-committee","1","1","Railway Heritage Committee"
"redcar-cleveland-primary-care-trust","1","2","Redcar & Cleveland Primary Care Trust"
"regional-development-agencies","1","1","Regional Development Agencies"
"registers-of-scotland","1","1","Registers of Scotland"
"renewable-fuels-agency","3","5","Renewable Fuels Agency"
"rhondda-cynon-taff-county-borough-council","1","1","Rhondda Cynon Taff County Borough Council"
"richmond-and-twickenham-primary-care-trust","1","1","Richmond and Twickenham Primary Care Trust"
"ridgeway-partnership","22","26","Ridgeway Partnership"
"royal-air-force-museum","1","3","Royal Air Force Museum"
"royal-borough-of-kingston-upon-thames","1","5","Royal Borough of Kingston upon Thames"
"royal-borough-of-windsor-and-maidenhead","1","6","Royal Borough of Windsor and Maidenhead"
"royal-college-of-paediatrics-child-health","1","1","Royal College of Paediatrics & Child Health"
"royal-cornwall-hospitals-nhs-trust","1","15","Royal Cornwall Hospitals NHS Trust"
"royal-free-hampstead-nhs-trust","2","4","Royal Free Hampstead NHS Trust"
"royal-liverpool-and-broadgreen-university-hospital-nhs-trust","1","24","Royal Liverpool and Broadgreen University Hospital NHS Trust"
"runnymede-borough-council","1","1","Runnymede Borough Council"
"rural-payments-agency","1","2","Rural Payments Agency"
"rushmoor-borough-council","1","1","Rushmoor Borough Council"
"salford-primary-care-trust","1","35","Salford Primary Care Trust"
"salisbury-nhs-foundation-trust","1","1","Salisbury NHS Foundation Trust"
"sandwell-metropolitan-borough-council","2","4","Sandwell Metropolitan Borough Council"
"sandwell-primary-care-trust","12","18","Sandwell Primary Care Trust"
"school-food-trust","1","3","School Food Trust"
"science-and-technology-facilities-council","7","8","Science and Technology Facilities Council"
"scotland-office","2","4","Scotland Office"
"scottish-court-service","1","4","Scottish Court Service"
"scottish-government","79","128","Scottish Government"
"scottish-government-spatial-data-infrastructure","48","55","Scottish Government Spatial Data Infrastructure"
"scottish-prison-service","1","1","Scottish Prison Service"
"sevenoaks-district-council","1","3","Sevenoaks District Council"
"sheffield-primary-care-trust","1","30","Sheffield Primary Care Trust"
"shropshire-council","1","1","Shropshire Council"
"shropshire-county-primary-care-trust","1","33","Shropshire County Primary Care Trust"
"snowdonia-national-park-authority","1","1","Snowdonia National Park Authority"
"society-of-information-technology-management","1","1","Society of Information Technology Management"
"solihull-primary-care-trust","1","13","Solihull Primary Care Trust"
"south-birmingham-primary-care-trust","1","32","South Birmingham Primary Care Trust"
"south-cambridgeshire-district-council","1","1","South Cambridgeshire District Council"
"south-central-strategic-health-authority","2","7","South Central Strategic Health Authority"
"south-norfolk-district-council","5","11","South Norfolk District Council"
"south-ribble-borough-council","1","7","South Ribble Borough Council"
"south-staffordshire-and-shropshire-healthcare-nhs-foundation-trust","1","18","South Staffordshire and Shropshire Healthcare NHS Foundation Trust"
"south-tyneside-primary-care-trust","1","36","South Tyneside Primary Care Trust"
"south-warwickshire-nhs-foundation-trust","1","12","South Warwickshire NHS Foundation Trust"
"south-west-london-and-st-georges-mental-health-nhs-trust","1","1","South West London and St George's Mental Health NHS Trust"
"southampton-city-council","1","1","Southampton City Council"
"southampton-university-hospitals-nhs-trust","1","5","Southampton University Hospitals NHS Trust"
"southport-and-ormskirk-hospital-nhs-trust","1","1","Southport and Ormskirk Hospital NHS Trust"
"southwark-london-borough-council","1","1","Southwark London Borough Council"
"sport-england","1","4","Sport England"
"st-albans-city-and-district-council","1","1","St Albans City and District Council"
"st-george-s-healthcare-nhs-trust","1","1","St George's Healthcare NHS Trust"
"standards-board-for-england","1","1","Standards Board for England"
"stevenage-borough-council","1","1","Stevenage Borough Council"
"stockport-primary-care-trust","2","44","Stockport Primary Care Trust"
"stockton-on-tees-borough-council","1","1","Stockton-on-Tees Borough Council"
"student-loans-company-limited","1","1","Student Loans Company Limited"
"sunderland-city-council","2","2","Sunderland City Council"
"sunderland-teaching-primary-care-trust","1","36","Sunderland Teaching Primary Care Trust"
"surrey-county-council","1","2","Surrey County Council"
"surrey-and-sussex-healthcare-nhs-trust","33","35","Surrey and Sussex Healthcare NHS Trust"
"tamworth-borough-council","1","1","Tamworth Borough Council"
"technology-strategy-board","1","8","Technology Strategy Board"
"teignbridge-district-council","1","1","Teignbridge District Council"
"tenant-services-authority","1","1","Tenant Services Authority"
"tendring-district-council","1","1","Tendring District Council"
"the-british-library","1","1","The British Library"
"the-geffrye-museum","2","7","The Geffrye Museum"
"the-genome-analysis-centre","1","1","The Genome Analysis Centre"
"the-institute-of-food-research","1","1","The Institute of Food Research"
"the-john-innes-centre","1","1","The John Innes Centre"
"the-mid-yorkshire-hospitals-nhs-trust","2","17","The Mid Yorkshire Hospitals NHS Trust"
"the-national-archives","3","3","The National Archives"
"the-pennine-acute-hospitals-nhs-trust","1","7","The Pennine Acute Hospitals NHS Trust"
"the-pensions-advisory-service","1","6","The Pensions Advisory Service"
"the-queen-elizabeth-ii-conference-centre","1","4","The Queen Elizabeth II Conference Centre"
"the-royal-marsden-nhs-foundation-trust","1","7","The Royal Marsden NHS Foundation Trust"
"the-royal-orthopaedic-hospital-nhs-foundation-trust","1","11","The Royal Orthopaedic Hospital NHS Foundation Trust"
"the-royal-parks","1","25","The Royal Parks"
"the-wallace-collection","2","13","The Wallace Collection"
"thurrock-thames-gateway-development-corporation","2","14","Thurrock Thames Gateway Development Corporation"
"tonbridge-and-malling-borough-council","1","91","Tonbridge and Malling Borough Council"
"torbay-care-trust","2","30","Torbay Care Trust"
"torbay-and-southern-devon-health-and-care-nhs-trust","1","7","Torbay and Southern Devon Health and Care NHS Trust"
"trafford-healthcare-nhs-trust","1","23","Trafford Healthcare NHS Trust"
"training-and-development-agency-for-schools","4","21","Training and Development Agency for Schools"
"transport-for-london","1","16","Transport for London"
"treasury-solicitors-department","10","94","Treasury Solicitor's Department"
"uk-commission-for-employment-and-skills","3","7","UK Commission for Employment and Skills"
"uk-film-council","1","4","UK Film Council"
"uk-national-air-quality-archive","2","2","UK National Air Quality Archive"
"uk-sport","1","4","UK Sport"
"united-kingdom-hydrographic-office","10","10","United Kingdom Hydrographic Office"
"university-college-london-hospital-nhs-foundation-trust","1","5","University College London Hospital NHS Foundation Trust"
"university-hospitals-of-leicester-nhs-trust","1","13","University Hospitals of Leicester NHS Trust"
"uttlesford-district-council","1","2","Uttlesford District Council"
"valuation-office-agency","1","2","Valuation Office Agency"
"valuation-tribunal-service","5","5","Valuation Tribunal Service"
"veterinary-laboratories-agency","6","7","Veterinary Laboratories Agency"
"wakefield-district-primary-care-trust","1","6","Wakefield District Primary Care Trust"
"wakefield-metropolitan-district-council","1","1","Wakefield Metropolitan District Council"
"wales-office","4","52","Wales Office"
"walsall-hospitals-nhs-trust","17","55","Walsall Hospitals NHS Trust"
"warrington-primary-care-trust","1","34","Warrington Primary Care Trust"
"warwickshire-county-council","1","1","Warwickshire County Council"
"water-services-regulation-authority","2","5","Water Services Regulation Authority"
"welsh-government","9","10","Welsh Government"
"west-dorset-district-council","1","1","West Dorset District Council"
"west-midlands-ambulance-service-nhs-trust","1","1","West Midlands Ambulance Service NHS Trust"
"west-midlands-strategic-health-authority","29","34","West Midlands Strategic Health Authority"
"west-northamptonshire-development-corporation","1","1","West Northamptonshire Development Corporation"
"western-sussex-hospitals-nhs-trust","1","27","Western Sussex Hospitals NHS Trust"
"westminster-city-council","3","3","Westminster City Council"
"weston-area-health-nhs-trust","1","24","Weston Area Health NHS Trust"
"wiltshire-council","1","1","Wiltshire Council"
"winchester-and-eastleigh-healthcare-nhs-trust","1","9","Winchester and Eastleigh Healthcare NHS Trust"
"wirral-community-nhs-trust","1","1","Wirral Community NHS Trust"
"woking-borough-council","1","1","Woking Borough Council"
"wolverhampton-city-primary-care-trust","1","29","Wolverhampton City Primary Care Trust"
"worcestershire-acute-hospitals-nhs-trust","3","3","Worcestershire Acute Hospitals NHS Trust"
"worcestershire-county-council","6","6","Worcestershire County Council"
"worcestershire-health-and-care-nhs-trust","1","10","Worcestershire Health and Care NHS Trust"
"worcestershire-mental-health-partnership-nhs-trust","2","18","Worcestershire Mental Health Partnership NHS Trust"
"worcestershire-primary-care-trust","1","24","Worcestershire Primary Care Trust"
"wrightington-wigan-leigh-nhs-foundation-trust","1","2","Wrightington, Wigan & Leigh NHS Foundation Trust"
"young-peoples-learning-agency","3","5","Young People's Learning Agency"
"youth-justice-board","1","4","Youth Justice Board"
